{"dataframe1": {"Dimensions": [2, 4, 6, 10, 14, 18, 20, 22, 24, 26], "Simplex\nExecution Time": [0.0, 0.0, 0.0, 0.0, 0.0, 0.0, 0.0, 0.0, 0.0, 0.0], "Interior Points\nExecution Time": [0.0002, 0.0002, 0.0002, 0.0002, 0.002, 0.004, 0.0055, 0.007, 0.0091, 0.0115], "Hybrid\nExecution Time": [0.0005, 0.0004, 0.0004, 0.0004, 0.0024, 0.0042, 0.0055, 0.0073, 0.0093, 0.0122]}, "dataframe2": {"Dimensions": [2, 4, 6, 10, 14, 18, 20, 22, 24, 26], "Simplex\nIterations": [0.0, 0.0, 0.0, 0.0, 0.0, 0.0, 0.0, 0.0, 0.0, 0.0], "Interior Points\nIterations": [3, 2, 2, 2, 2, 2, 2, 2, 2, 2], "Hybrid\nIterations": [4, 4, 3, 3, 3, 3, 3, 3, 3, 3]}, "dataframe3": {"Dimensions": [2, 4, 6, 10, 14, 18, 20, 22, 24, 26], "Simplex\nObjective Funcion Error (%)": [0.0, 0.0, 0.0, 0.0, 0.0, 0.0, 0.0, 0.0, 0.0, 0.0], "Interior Points\nObjective Funcion Error (%)": [0.249992632, 0.287711761, 0.287711764, 0.287711755, 0.287711758, 0.287711751, 0.287711751, 0.287711761, 0.28771175, 0.287711754], "Hybrid\nObjective Funcion Error (%)": [0.0, 0.0, 0.0, 0.0, 0.0, 0.0, 0.0, 0.0, 0.0, 0.0]}, "dataframe4": {"Dimensions": [2, 4, 6, 10, 14, 18, 20, 22, 24, 26], "Simplex\nSolution Error (%)": [0.0, 0.0, 0.0, 0.0, 0.0, 0.0, 0.0, 0.0, 0.0, 0.0], "Interior Points\nSolution Error (%)": [0.250012145, 0.325423524, 0.32542353, 0.325423511, 0.325423517, 0.325423504, 0.325423502, 0.325423524, 0.3254235, 0.325423509], "Hybrid\nSolution Error (%)": [0.0, 0.0, 0.0, 0.0, 0.0, 0.0, 0.0, 0.0, 0.0, 0.0]}, "dataframe5": {"Step": [0.01, 0.05, 0.1, 0.3, 0.5, 0.7, 0.8, 0.9, 0.95, 0.99], "Exec Time\nn=2": [0.1743, 0.0329, 0.0153, 0.0043, 0.0025, 0.0011, 0.0014, 0.001, 0.001, 0.0005], "Exec Time\nn=6": [0.1914, 0.038, 0.0183, 0.0061, 0.0028, 0.0017, 0.0015, 0.0013, 0.0014, 0.0003], "Exec Time\nn=10": [0.2217, 0.0441, 0.0206, 0.0072, 0.0036, 0.0023, 0.0016, 0.0014, 0.0014, 0.0011], "Exec Time\nn=14": [3.1819, 0.6204, 0.2977, 0.0918, 0.0481, 0.0274, 0.0241, 0.0202, 0.0179, 0.0143], "Exec Time\nn=18": [6.3268, 1.2395, 0.6076, 0.1836, 0.0934, 0.0583, 0.0483, 0.0398, 0.0368, 0.0275], "Exec Time\nn=22": [11.2535, 2.2022, 1.0752, 0.3241, 0.1672, 0.0997, 0.0856, 0.0714, 0.065, 0.0478], "Exec Time\nn=26": [18.3085, 3.6867, 1.8042, 0.5311, 0.2677, 0.1663, 0.1426, 0.1192, 0.1026, 0.081]}, "dataframe6": {"Step": [0.01, 0.05, 0.1, 0.3, 0.5, 0.7, 0.8, 0.9, 0.95, 0.99], "Iterations\nn=2": [2361, 463, 226, 67, 35, 21, 19, 15, 13, 9], "Iterations\nn=6": [2401, 471, 230, 69, 36, 22, 19, 16, 14, 11], "Iterations\nn=10": [2401, 471, 230, 69, 36, 22, 19, 16, 14, 11], "Iterations\nn=14": [2401, 471, 230, 69, 36, 22, 19, 16, 14, 11], "Iterations\nn=18": [2401, 471, 230, 69, 36, 22, 19, 16, 14, 11], "Iterations\nn=22": [2401, 471, 230, 69, 36, 22, 19, 16, 14, 11], "Iterations\nn=26": [2401, 471, 230, 69, 36, 22, 19, 16, 14, 11]}, "dataframe7": {"Step": [0.01, 0.05, 0.1, 0.3, 0.5, 0.7, 0.8, 0.9, 0.95, 0.99], "Objective Function Error (%)\nn=2": [0.0, 0.0, 0.0, 0.0, 0.0, 0.0, 0.0, 0.0, 0.0, 0.0], "Objective Function Error (%)\nn=6": [0.0, 0.0, 0.0, 0.0, 0.0, 0.0, 0.0, 0.0, 0.0, 0.0], "Objective Function Error (%)\nn=10": [0.0, 0.0, 0.0, 0.0, 0.0, 0.0, 0.0, 0.0, 0.0, 0.0], "Objective Function Error (%)\nn=14": [0.0, 0.0, 0.0, 0.0, 0.0, 0.0, 0.0, 0.0, 0.0, 0.0], "Objective Function Error (%)\nn=18": [0.0, 0.0, 0.0, 0.0, 0.0, 0.0, 0.0, 0.0, 0.0, 0.0], "Objective Function Error (%)\nn=22": [0.0, 0.0, 0.0, 0.0, 0.0, 0.0, 0.0, 0.0, 0.0, 0.0], "Objective Function Error (%)\nn=26": [0.0, 0.0, 0.0, 0.0, 0.0, 0.0, 0.0, 0.0, 0.0, 0.0]}, "dataframe8": {"Step": [0.01, 0.05, 0.1, 0.3, 0.5, 0.7, 0.8, 0.9, 0.95, 0.99], "Solution Error (%)\nn=2": [0.0, 0.0, 0.0, 0.0, 0.0, 0.0, 0.0, 0.0, 0.0, 0.0], "Solution Error (%)\nn=6": [0.0, 0.0, 0.0, 0.0, 0.0, 0.0, 0.0, 0.0, 0.0, 0.0], "Solution Error (%)\nn=10": [0.0, 0.0, 0.0, 0.0, 0.0, 0.0, 0.0, 0.0, 0.0, 0.0], "Solution Error (%)\nn=14": [0.0, 0.0, 0.0, 0.0, 0.0, 0.0, 0.0, 0.0, 0.0, 0.0], "Solution Error (%)\nn=18": [0.0, 0.0, 0.0, 0.0, 0.0, 0.0, 0.0, 0.0, 0.0, 0.0], "Solution Error (%)\nn=22": [0.0, 0.0, 0.0, 0.0, 0.0, 0.0, 0.0, 0.0, 0.0, 0.0], "Solution Error (%)\nn=26": [0.0, 0.0, 0.0, 0.0, 0.0, 0.0, 0.0, 0.0, 0.0, 0.0]}, "dataframe9": {"Step": [0.01, 0.05, 0.1, 0.3, 0.5, 0.7, 0.8, 0.9, 0.95, 0.99], "Exec Time\nn=2": [0.1656, 0.0316, 0.0159, 0.0048, 0.0025, 0.002, 0.0017, 0.0013, 0.001, 0.001], "Exec Time\nn=6": [0.1908, 0.0399, 0.0181, 0.006, 0.003, 0.002, 0.0016, 0.0015, 0.0017, 0.0017], "Exec Time\nn=10": [0.2185, 0.0436, 0.0215, 0.0079, 0.0037, 0.0027, 0.0019, 0.0018, 0.002, 0.0013], "Exec Time\nn=14": [3.1859, 0.6171, 0.3054, 0.0924, 0.0476, 0.0282, 0.0242, 0.0219, 0.0177, 0.0146], "Exec Time\nn=18": [6.3197, 1.2366, 0.5987, 0.1796, 0.0984, 0.0596, 0.0514, 0.0403, 0.0369, 0.0284], "Exec Time\nn=22": [11.2315, 2.1838, 1.0741, 0.3225, 0.1659, 0.1002, 0.0876, 0.0722, 0.0639, 0.0479], "Exec Time\nn=26": [18.3362, 3.7098, 1.8032, 0.522, 0.2726, 0.161, 0.1391, 0.1194, 0.1058, 0.0799]}, "dataframe10": {"Step": [0.01, 0.05, 0.1, 0.3, 0.5, 0.7, 0.8, 0.9, 0.95, 0.99], "Iterations\nn=2": [2362, 464, 227, 68, 36, 22, 20, 16, 14, 10], "Iterations\nn=6": [2402, 472, 231, 70, 37, 23, 20, 17, 15, 12], "Iterations\nn=10": [2402, 472, 231, 70, 37, 23, 20, 17, 15, 12], "Iterations\nn=14": [2402, 472, 231, 70, 37, 23, 20, 17, 15, 12], "Iterations\nn=18": [2402, 472, 231, 70, 37, 23, 20, 17, 15, 12], "Iterations\nn=22": [2402, 472, 231, 70, 37, 23, 20, 17, 15, 12], "Iterations\nn=26": [2402, 472, 231, 70, 37, 23, 20, 17, 15, 12]}, "dataframe11": {"Gap": ["1e-1", "1e-2", "1e-4", "1e-6", "1e-8", "1e-10"], "Exec Time\nn=2": [0.0, 0.0, 0.0, 0.0, 0.0, 0.0], "Exec Time\nn=6": [0.0, 0.0, 0.0, 0.0, 0.0, 0.0], "Exec Time\nn=10": [0.0, 0.0, 0.0, 0.0, 0.0, 0.0], "Exec Time\nn=14": [0.0, 0.0, 0.0, 0.0, 0.0, 0.0], "Exec Time\nn=18": [0.0, 0.0, 0.0, 0.0, 0.0, 0.0], "Exec Time\nn=22": [0.0, 0.0, 0.0, 0.0, 0.0, 0.0], "Exec Time\nn=26": [0.0, 0.0, 0.0, 0.0, 0.0, 0.0]}, "dataframe12": {"Gap": ["1e-1", "1e-2", "1e-4", "1e-6", "1e-8", "1e-10"], "Iterations\nn=2": [0.0, 0.0, 0.0, 0.0, 0.0, 0.0], "Iterations\nn=6": [0.0, 0.0, 0.0, 0.0, 0.0, 0.0], "Iterations\nn=10": [0.0, 0.0, 0.0, 0.0, 0.0, 0.0], "Iterations\nn=14": [0.0, 0.0, 0.0, 0.0, 0.0, 0.0], "Iterations\nn=18": [0.0, 0.0, 0.0, 0.0, 0.0, 0.0], "Iterations\nn=22": [0.0, 0.0, 0.0, 0.0, 0.0, 0.0], "Iterations\nn=26": [0.0, 0.0, 0.0, 0.0, 0.0, 0.0]}, "dataframe13": {"Gap": ["1e-1", "1e-2", "1e-4", "1e-6", "1e-8", "1e-10"], "Objective Function Error (%)\nn=2": [0.0, 0.0, 0.0, 0.0, 0.0, 0.0], "Objective Function Error (%)\nn=6": [0.0, 0.0, 0.0, 0.0, 0.0, 0.0], "Objective Function Error (%)\nn=10": [0.0, 0.0, 0.0, 0.0, 0.0, 0.0], "Objective Function Error (%)\nn=14": [0.0, 0.0, 0.0, 0.0, 0.0, 0.0], "Objective Function Error (%)\nn=18": [0.0, 0.0, 0.0, 0.0, 0.0, 0.0], "Objective Function Error (%)\nn=22": [0.0, 0.0, 0.0, 0.0, 0.0, 0.0], "Objective Function Error (%)\nn=26": [0.0, 0.0, 0.0, 0.0, 0.0, 0.0]}, "dataframe14": {"Gap": ["1e-1", "1e-2", "1e-4", "1e-6", "1e-8", "1e-10"], "Solution Error (%)\nn=2": [0.0, 0.0, 0.0, 0.0, 0.0, 0.0], "Solution Error (%)\nn=6": [0.0, 0.0, 0.0, 0.0, 0.0, 0.0], "Solution Error (%)\nn=10": [0.0, 0.0, 0.0, 0.0, 0.0, 0.0], "Solution Error (%)\nn=14": [0.0, 0.0, 0.0, 0.0, 0.0, 0.0], "Solution Error (%)\nn=18": [0.0, 0.0, 0.0, 0.0, 0.0, 0.0], "Solution Error (%)\nn=22": [0.0, 0.0, 0.0, 0.0, 0.0, 0.0], "Solution Error (%)\nn=26": [0.0, 0.0, 0.0, 0.0, 0.0, 0.0]}, "dataframe15": {"Gap": ["1e-1", "1e-2", "1e-4", "1e-6", "1e-8", "1e-10"], "Exec Time\nn=2": [0.0, 0.0, 0.0, 0.0, 0.0, 0.0], "Exec Time\nn=6": [0.0, 0.0, 0.0, 0.0, 0.0, 0.0], "Exec Time\nn=10": [0.0, 0.0, 0.0, 0.0, 0.0, 0.0], "Exec Time\nn=14": [0.0, 0.0, 0.0, 0.0, 0.0, 0.0], "Exec Time\nn=18": [0.0, 0.0, 0.0, 0.0, 0.0, 0.0], "Exec Time\nn=22": [0.0, 0.0, 0.0, 0.0, 0.0, 0.0], "Exec Time\nn=26": [0.0, 0.0, 0.0, 0.0, 0.0, 0.0]}, "dataframe16": {"Gap": ["1e-1", "1e-2", "1e-4", "1e-6", "1e-8", "1e-10"], "Iterations\nn=2": [0.0, 0.0, 0.0, 0.0, 0.0, 0.0], "Iterations\nn=6": [0.0, 0.0, 0.0, 0.0, 0.0, 0.0],